customer_id,first_name,last_name,email,phone,address_line_1,address_line_2,county,eircode,preferred_trade,first_contact_date
cust_0001,Gerard,Walsh,gerardwalsh@icloud.com,083 2458591,71 Bishop St,,Dublin,D08 A0EP,plumber,2024-05-07
cust_0002,Dervla,Reilly,dreilly@live.ie,083 3678638,108 Beech Park,,Kilkenny,R93 G1YG,plumber,2024-03-30
cust_0003,Siobhan,Farrell,sfarrell@live.ie,083 8707870,92 Grove Ave,,Cork,T12 Y3NV,plumber,2024-10-08
cust_0004,Una,Hughes,unahughes@live.ie,086 2338687,50 Pearse St,,Louth,A91 H4VD,plumber,2023-08-09
cust_0005,Diarmuid,Doherty,diarmuid.doherty@outlook.com,085 9961380,180 Sycamore Rd,,Waterford,X91 D3YP,plumber,2026-03-19
cust_0006,Dervla,Kennedy,dkennedy@eircom.net,086 2110460,15 Parnell St,,Meath,C15 W3RH,plumber,2024-04-12
cust_0007,Bridget,Power,bpower@icloud.com,089 8187926,68 Bishop St,,Galway,H54 H9CL,plumber,2023-11-25
cust_0008,Niamh,Walsh,niamh.walsh88@outlook.com,083 7455324,161 Meadow Lane,,Galway,H53 Y5YW,plumber,2023-12-27
cust_0009,Sean,Walsh,sean.walsh@yahoo.ie,087 3653446,69 Castle View,,Kilkenny,R95 Y8FM,plumber,2026-01-12
cust_0010,Grainne,O'Reilly,grainneoreilly@hotmail.com,086 3710343,161 Grove Ave,,Cork,T12 N4CH,plumber,2024-07-29
cust_0011,Maire,Lynch,maire.lynch@icloud.com,087 2161193,62 Elm Grove,,Dublin,D12 T1LM,plumber,2025-09-20
cust_0012,Fergal,Boyle,fergalboyle@icloud.com,086 7693979,109 Hillside Dr,,Louth,A92 K5CE,plumber,2024-03-17
cust_0013,Fiona,Kelly,fionakelly@gmail.com,083 1987737,142 Pearse St,,Louth,A91 X8BE,plumber,2024-04-14
cust_0014,Blathnaid,Doherty,blathnaid.doherty74@hotmail.com,087 7829332,34 Parnell St,,Kilkenny,R95 B4KL,plumber,2025-09-26
cust_0015,Niamh,O'Connor,niamhoconnor@hotmail.com,085 9997381,104 Castle View,,Dublin,D03 K2EX,plumber,2024-10-01
cust_0016,Donal,Sheehan,donal.sheehan@gmail.com,085 3790237,13 Riverside,,Cork,P31 L8XD,plumber,2026-01-30
cust_0017,Sean,Farrell,sean.farrell55@hotmail.com,085 5977931,117 Parnell St,,Waterford,X91 N5SB,plumber,2024-07-09
cust_0018,Mairead,McGrath,mairead.mcgrath@live.ie,085 2149597,136 Dean's Close,,Kilkenny,R95 R2CW,plumber,2023-12-23
cust_0019,Roisin,Barry,roisin.barry11@icloud.com,089 9770838,11 The Green,,Louth,A92 E7EH,plumber,2025-12-10
cust_0020,Bridget,Collins,bridget.collins2@outlook.com,089 2677407,81 Church Rd,,Wicklow,A63 M1GB,plumber,2023-08-13
cust_0021,Roisin,Hughes,rhughes@outlook.com,089 1131249,41 Hillside Dr,,Waterford,X42 X1WF,plumber,2025-03-03
cust_0022,Declan,Sheehan,declansheehan@icloud.com,086 4415796,70 Hillside Dr,,Galway,H53 W5FX,plumber,2024-07-03
cust_0023,Niamh,Ryan,nryan@live.ie,085 5394880,71 Willow Park,,Kildare,R51 K7NC,plumber,2023-06-30
cust_0024,Sinead,Healy,sineadhealy@eircom.net,085 1701771,95 St Patrick's Rd,,Dublin,D07 W7WW,plumber,2025-10-13
cust_0025,Caoimhe,Lynch,caoimhelynch@hotmail.com,085 3970445,91 Riverside,,Cork,T12 D9TK,plumber,2025-09-08
cust_0026,Roisin,Brennan,roisin.brennan@live.ie,087 4731818,180 Parnell St,,Galway,H54 G8WE,plumber,2023-10-07
cust_0027,Oisin,Martin,omartin@yahoo.ie,089 7705490,72 Hillside Dr,,Meath,C15 G0WF,plumber,2023-08-08
cust_0028,Mairead,Quinn,mquinn@icloud.com,086 8321474,28 Dean's Close,,Dublin,D12 C8DA,plumber,2025-11-04
cust_0029,Saoirse,Murphy,smurphy@eircom.net,083 6539837,138 Dean's Close,,Kilkenny,R93 R1XM,plumber,2026-02-27
cust_0030,Eamon,Fitzgerald,eamonfitzgerald@hotmail.com,087 7361002,179 Hillside Dr,,Kildare,R51 X6GM,plumber,2024-07-25
cust_0031,Sean,Collins,scollins@eircom.net,087 8418210,54 Hillside Dr,,Waterford,X91 M7YS,plumber,2025-02-18
cust_0032,Siobhan,Burke,sburke@gmail.com,085 6207974,170 Pearse St,,Kilkenny,R95 C0YP,plumber,2025-12-31
cust_0033,Liam,Power,liam.power25@eircom.net,087 5093379,162 The Crescent,,Kildare,R51 R8WW,plumber,2025-10-03
cust_0034,Saoirse,Kennedy,saoirse.kennedy@outlook.com,085 3036059,179 Castle View,,Galway,H91 V6YN,plumber,2025-07-05
cust_0035,Donal,Mahony,donalmahony@icloud.com,087 8550917,110 O'Connell Ave,,Kilkenny,R95 V2TL,plumber,2025-08-21
cust_0036,Roisin,Brennan,rbrennan@yahoo.ie,086 2351868,20 The Crescent,,Wicklow,A63 E6SB,plumber,2024-07-09
cust_0037,Eamon,Moore,eamonmoore@live.ie,087 7534336,120 Elm Grove,,Kilkenny,R95 W7HA,plumber,2025-01-27
cust_0038,Diarmuid,Collins,diarmuidcollins@eircom.net,085 5579094,108 Riverside,,Kildare,W34 A3RK,plumber,2025-08-06
cust_0039,Cillian,Power,cillian.power4@outlook.com,089 1454696,160 Church Rd,,Galway,H53 K8DF,plumber,2025-07-30
cust_0040,Kieran,Doherty,kieran.doherty98@yahoo.ie,087 5232413,84 Church Rd,,Wicklow,A67 A5YG,plumber,2024-09-28
cust_0041,Bridget,O'Sullivan,bridget.osullivan@outlook.com,085 5002120,8 The Crescent,,Dublin,D09 R5ER,carpenter,2024-05-11
cust_0042,Aisling,Gallagher,agallagher@gmail.com,089 1430812,156 St Patrick's Rd,,Louth,A92 H7BR,carpenter,2023-10-17
cust_0043,Gerard,Lynch,gerard.lynch@live.ie,089 1689025,179 Maple Grove,,Cork,P31 R0PA,carpenter,2024-08-03
cust_0044,Eamon,Buckley,eamon.buckley82@icloud.com,085 8306261,111 Willow Park,,Cork,P25 P9TL,carpenter,2024-11-05
cust_0045,Mairead,Brennan,mairead.brennan36@hotmail.com,087 7358385,63 The Green,,Meath,A82 L3LH,carpenter,2023-09-04
cust_0046,Fergal,Moore,fergal.moore@outlook.com,085 2436347,153 Pearse St,,Waterford,X42 L7RP,carpenter,2024-06-25
cust_0047,Blathnaid,O'Donnell,blathnaid.odonnell29@icloud.com,085 6137284,24 Hillside Dr,,Dublin,D14 H5GY,carpenter,2024-07-23
cust_0048,Dervla,Moore,dmoore@yahoo.ie,085 3024269,180 Sycamore Rd,,Meath,A82 G7YR,carpenter,2025-03-27
cust_0049,Oisin,Doherty,odoherty@gmail.com,085 5970190,71 Pearse St,,Wicklow,A67 D0MF,carpenter,2025-10-24
cust_0050,Niamh,Sheehan,niamh.sheehan82@gmail.com,083 5770422,179 Priory Rd,,Waterford,X42 K1BX,carpenter,2023-11-05
cust_0051,Ronan,Walsh,ronan.walsh@hotmail.com,085 6097514,103 Church Rd,,Cork,T23 C7PT,carpenter,2025-05-25
cust_0052,Padraig,Boyle,padraig.boyle39@yahoo.ie,089 2010496,116 Dean's Close,,Kildare,R51 B7PF,carpenter,2025-03-10
cust_0053,Siobhan,Gallagher,siobhangallagher@gmail.com,087 8558197,45 Beech Park,,Limerick,V42 L0FF,carpenter,2025-08-27
cust_0054,Ciara,O'Sullivan,ciaraosullivan@eircom.net,083 4771676,68 Newtown Ave,,Limerick,V94 X8BD,carpenter,2025-12-18
cust_0055,Maire,Sweeney,maire.sweeney16@icloud.com,086 7752972,74 O'Connell Ave,,Louth,A92 K5WS,carpenter,2025-03-05
cust_0056,Paddy,Quinn,paddy.quinn@live.ie,086 1674975,24 Elm Grove,,Dublin,D18 D5KF,carpenter,2024-04-12
cust_0057,Mairead,Flynn,mairead.flynn45@yahoo.ie,086 2754894,24 Willow Park,,Wicklow,A67 K4RK,carpenter,2025-04-22
cust_0058,Dervla,O'Brien,dobrien@gmail.com,087 9633492,23 Main St,,Wicklow,A67 K1HT,carpenter,2024-08-23
cust_0059,Gerard,O'Donnell,gerardodonnell@yahoo.ie,087 9132114,53 Oak Drive,,Dublin,D01 Y6ED,carpenter,2024-06-10
cust_0060,Dervla,Murphy,dervla.murphy@eircom.net,083 3583206,105 Priory Rd,,Kilkenny,R93 M2VY,carpenter,2023-09-14
cust_0061,Roisin,Power,roisinpower@live.ie,083 5634662,38 Elm Grove,,Kilkenny,R93 G7FA,carpenter,2024-12-08
cust_0062,Maire,Barry,maire.barry20@outlook.com,087 6790218,169 The Green,,Louth,A92 L3DR,carpenter,2025-05-22
cust_0063,Feargal,Farrell,feargal.farrell41@icloud.com,087 7477326,106 Hillside Dr,,Limerick,V42 Y4AM,carpenter,2023-06-29
cust_0064,Mairead,Moore,mairead.moore68@gmail.com,085 7878299,113 Newtown Ave,,Cork,T23 B7FP,carpenter,2023-09-24
cust_0065,Clodagh,Ryan,cryan@icloud.com,087 1602286,173 Dean's Close,,Meath,A82 E6FE,carpenter,2025-07-29
cust_0066,Siobhan,Flynn,siobhanflynn@icloud.com,086 1485654,163 High St,,Cork,P25 T2HC,carpenter,2023-09-26
cust_0067,Nuala,Nolan,nualanolan@gmail.com,089 7418028,175 Dean's Close,,Louth,A91 L5EP,carpenter,2024-01-27
cust_0068,Ciara,Quinn,ciaraquinn@gmail.com,087 6797629,120 Bishop St,,Dublin,D06 P4FV,carpenter,2024-07-12
cust_0069,Oisin,Farrell,ofarrell@outlook.com,086 5953150,28 Main St,,Wicklow,A67 F5RS,carpenter,2024-04-25
cust_0070,Niamh,Sweeney,nsweeney@hotmail.com,085 5204819,74 Hillside Dr,,Wicklow,A63 P9PG,carpenter,2024-04-14
cust_0071,Donal,O'Brien,dobrien@yahoo.ie,087 3946751,94 Parnell St,,Louth,A91 T8HM,carpenter,2023-11-13
cust_0072,Eimear,Gallagher,egallagher@live.ie,083 8857296,124 Church Rd,,Waterford,X91 T2RR,carpenter,2024-07-24
cust_0073,Clodagh,Sheehan,csheehan@outlook.com,083 8630043,24 Maple Grove,,Meath,C15 S2HP,carpenter,2024-12-25
cust_0074,Aisling,O'Connor,aoconnor@outlook.com,085 2060605,121 Newtown Ave,,Limerick,V35 X3KC,carpenter,2023-05-31
cust_0075,Conor,Collins,conorcollins@eircom.net,087 7224540,30 Hillside Dr,,Wicklow,A67 N7WR,carpenter,2023-09-20
cust_0076,Blathnaid,Mahony,bmahony@hotmail.com,087 8460758,72 Pearse St,,Kildare,W34 B6MY,carpenter,2023-06-12
cust_0077,Diarmuid,Byrne,diarmuid.byrne16@gmail.com,085 1358318,71 High St,,Kildare,W34 E1NB,carpenter,2024-02-11
cust_0078,Dervla,Doherty,dervladoherty@live.ie,089 1047572,56 O'Connell Ave,,Louth,A91 Y5TC,carpenter,2024-04-18
cust_0079,Aoife,Doyle,adoyle@gmail.com,085 5452128,92 High St,,Dublin,D03 S5SL,carpenter,2024-04-26
cust_0080,Aisling,O'Reilly,aislingoreilly@outlook.com,083 9748499,28 St Patrick's Rd,,Louth,A92 P0YV,carpenter,2025-03-25
cust_0081,Saoirse,O'Connor,soconnor@outlook.com,085 2101965,114 The Crescent,,Wicklow,A67 P5SH,electrician,2023-08-15
cust_0082,Paddy,Boyle,paddy.boyle78@gmail.com,083 4607488,117 Riverside,,Waterford,X42 W4VH,electrician,2025-06-16
cust_0083,Declan,Fitzgerald,dfitzgerald@hotmail.com,087 2126310,81 Church Rd,,Kildare,W12 B0SV,electrician,2026-02-19
cust_0084,Dervla,Byrne,dervla.byrne@eircom.net,086 8095702,144 Sycamore Rd,,Louth,A91 Y6HN,electrician,2025-09-11
cust_0085,Caoimhe,McCarthy,cmccarthy@gmail.com,086 4794319,58 Ash Lane,,Wicklow,A67 V9VP,electrician,2023-10-08
cust_0086,Bridget,Sheehan,bsheehan@gmail.com,085 5584716,156 Beech Park,,Dublin,D18 G3AW,electrician,2026-02-07
cust_0087,Feargal,Martin,feargal.martin@icloud.com,089 4609330,37 Meadow Lane,,Cork,P31 L1GG,electrician,2025-12-31
cust_0088,Feargal,Sweeney,feargal.sweeney@icloud.com,083 5565128,14 Castle View,,Cork,P31 L4FT,electrician,2023-12-20
cust_0089,Orla,Daly,orla.daly87@outlook.com,086 1761976,29 Pearse St,,Kildare,W34 Y0EX,electrician,2024-07-06
cust_0090,Ruairi,Quinn,ruairi.quinn1@icloud.com,087 3947669,84 The Crescent,,Waterford,X42 M2NR,electrician,2023-10-26
cust_0091,Diarmuid,O'Sullivan,diarmuid.osullivan3@gmail.com,086 8202195,11 Bishop St,,Kildare,W34 S4CA,electrician,2025-02-28
cust_0092,Kieran,Gallagher,kieran.gallagher12@live.ie,083 5082173,118 Riverside,,Louth,A92 M3GG,electrician,2024-11-05
cust_0093,Fiona,Gallagher,fionagallagher@live.ie,086 6890476,131 Sycamore Rd,,Cork,T23 E1DP,electrician,2025-12-31
cust_0094,Bridget,O'Sullivan,bridget.osullivan60@icloud.com,089 6422534,161 Newtown Ave,,Galway,H54 D0KG,electrician,2025-05-29
cust_0095,Eimear,Barry,ebarry@eircom.net,087 1630944,91 High St,,Dublin,D07 V0WW,electrician,2025-06-19
cust_0096,Una,Sweeney,una.sweeney@eircom.net,089 4158134,99 The Green,,Kilkenny,R93 M9LV,electrician,2025-04-10
cust_0097,Fiona,Ryan,fionaryan@icloud.com,087 8372274,166 Abbey Ct,,Kilkenny,R95 H9HT,electrician,2024-01-16
cust_0098,Paddy,Byrne,paddy.byrne13@yahoo.ie,086 3522845,17 The Green,,Meath,A82 N1GY,electrician,2024-09-16
cust_0099,Clodagh,Doyle,clodagh.doyle72@icloud.com,086 3144023,22 Hillside Dr,,Louth,A91 P4HH,electrician,2024-08-15
cust_0100,Grainne,Doherty,grainnedoherty@hotmail.com,083 5962567,125 Ash Lane,,Meath,A82 M5SM,electrician,2024-02-15
cust_0101,Fiona,Mahony,fionamahony@hotmail.com,089 3777286,153 Sycamore Rd,,Galway,H54 A3SY,electrician,2024-11-28
cust_0102,Una,Burke,uburke@live.ie,087 4255051,60 Maple Grove,,Wicklow,A67 L2HM,electrician,2025-07-30
cust_0103,Cillian,Reilly,cillian.reilly7@live.ie,086 2721170,36 Beech Park,,Louth,A91 F7FX,electrician,2024-05-15
cust_0104,Sinead,Flynn,sinead.flynn@eircom.net,083 7651393,57 Abbey Ct,,Cork,P25 E9HA,electrician,2025-03-23
cust_0105,Declan,Moore,declan.moore37@icloud.com,085 8870361,36 Castle View,,Galway,H53 A0FV,electrician,2023-06-21
cust_0106,Dervla,Sweeney,dervlasweeney@yahoo.ie,083 1801102,109 Pearse St,,Kilkenny,R93 P6BV,electrician,2023-10-12
cust_0107,Blathnaid,Sweeney,blathnaidsweeney@icloud.com,085 5886733,5 Riverside,,Kilkenny,R95 P2KR,electrician,2025-12-29
cust_0108,Siobhan,Boyle,siobhan.boyle@eircom.net,087 1730386,18 Newtown Ave,,Meath,A83 Y2AT,electrician,2025-07-18
cust_0109,Diarmuid,Lynch,diarmuid.lynch@yahoo.ie,089 6679880,149 Newtown Ave,,Cork,T23 V6YL,electrician,2024-09-20
cust_0110,Grainne,Doyle,grainnedoyle@gmail.com,085 1703065,118 The Green,,Cork,P25 M9MF,electrician,2023-06-19
cust_0111,Bridget,Reilly,breilly@yahoo.ie,083 7174337,92 Riverside,,Waterford,X42 S8HY,electrician,2023-07-06
cust_0112,Blathnaid,Buckley,blathnaid.buckley11@gmail.com,087 4027557,133 Grove Ave,,Meath,A83 G0RG,electrician,2024-06-10
cust_0113,Paddy,Flynn,paddy.flynn45@gmail.com,086 8297090,177 O'Connell Ave,,Galway,H53 Y9BP,electrician,2025-03-12
cust_0114,Aisling,O'Reilly,aisling.oreilly78@gmail.com,085 2127988,8 Pearse St,,Galway,H53 H3NP,electrician,2023-11-30
cust_0115,Donal,Hughes,donalhughes@outlook.com,086 7677903,114 The Green,,Meath,C15 F9AD,electrician,2023-08-20
cust_0116,Nuala,Farrell,nuala.farrell34@hotmail.com,089 5791184,31 Beech Park,,Kilkenny,R93 E1BD,electrician,2024-06-02
cust_0117,Donal,Ryan,donal.ryan@outlook.com,089 5871470,171 St Patrick's Rd,,Meath,A82 S9PT,electrician,2024-10-13
cust_0118,Aidan,Kennedy,aidan.kennedy31@gmail.com,086 7189302,52 Castle View,,Cork,T23 P0GY,electrician,2023-11-24
cust_0119,Ronan,Boyle,ronanboyle@yahoo.ie,083 8549319,105 Castle View,,Kildare,R51 M1VN,electrician,2025-10-02
cust_0120,Mairead,O'Neill,mairead.oneill@outlook.com,085 6102363,111 Willow Park,,Galway,H91 G7GX,electrician,2025-06-12
